{
  "env_id": "env_everett_bedroom",
  "version": "v20250916",
  "scene_id": "scene_everett_entry",
  "page_layout_id": "layout_bottom_half",
  "camera": {
    "mode": "POV",
    "position_wall": "E",
    "facing_wall": "W",
    "height_cm": 160,
    "fov_deg": 55
  },
  "composition": {
    "must_show_walls": [
      "W"
    ],
    "should_show_walls": [
      "N",
      "S"
    ],
    "must_hide_walls": [
      "E"
    ],
    "foreground_edges": [
      "E_door_jamb_right"
    ]
  },
  "anchors_expected": [
    {
      "id": "win_W1",
      "type": "window",
      "wall": "W",
      "region": "center"
    },
    {
      "id": "bed_W1",
      "type": "bed",
      "wall": "W",
      "region": "center_horizontal",
      "orientation": "horizontal",
      "headboard_wall": "N"
    }
  ],
  "characters": [],
  "fx": [],
  "tolerances": {
    "wall_miss_px": 24,
    "anchor_region_slop": 0.15
  },
  "render_controls": {
    "bw_only": true,
    "allow_characters": false,
    "single_panel_mode": true
  }
}