{
  "env_id": "env_hallway_corridor",
  "version": "v20250916",
  "scene_id": "scene_everett_entry",
  "page_layout_id": "layout_top_half",
  "camera": {
    "mode": "ROOM",
    "position_wall": "E",
    "facing_wall": "W",
    "height_cm": 160,
    "fov_deg": 55
  },
  "composition": {
    "must_show_walls": [
      "W"
    ],
    "should_show_walls": [
      "N",
      "S"
    ],
    "must_hide_walls": [
      "E"
    ],
    "foreground_edges": [
      "E_door_jamb_left"
    ]
  },
  "anchors_expected": [
    {
      "id": "door_W_everett",
      "type": "door",
      "wall": "W",
      "region": "center"
    }
  ],
  "characters": [
    {
      "id": "collin",
      "pose": "reaching_door",
      "position_2d": "foreground_center",
      "facing": "W",
      "scale_mode": "manifest_height",
      "variants": {
        "shoes": "white"
      },
      "required_props": [
        "necklace_cross"
      ],
      "in_frame": true
    }
  ],
  "fx": [],
  "tolerances": {
    "wall_miss_px": 24,
    "anchor_region_slop": 0.15
  },
  "render_controls": {
    "bw_only": true,
    "allow_characters": true,
    "single_panel_mode": true
  }
}