{
  "$schema": "http://json-schema.org/draft-07/schema#",
  "title": "Storyboard Shot Spec (with guardrails)",
  "type": "object",
  "required": [
    "env_id",
    "version",
    "camera",
    "composition",
    "tolerances"
  ],
  "properties": {
    "env_id": {
      "type": "string"
    },
    "version": {
      "type": "string"
    },
    "scene_id": {
      "type": "string"
    },
    "page_layout_id": {
      "type": "string"
    },
    "camera": {
      "type": "object",
      "required": [
        "mode",
        "position_wall",
        "facing_wall",
        "height_cm",
        "fov_deg"
      ],
      "properties": {
        "mode": {
          "type": "string",
          "enum": [
            "POV",
            "OVER_SHOULDER",
            "ROOM"
          ]
        },
        "position_wall": {
          "type": "string",
          "enum": [
            "N",
            "E",
            "S",
            "W"
          ]
        },
        "facing_wall": {
          "type": "string",
          "enum": [
            "N",
            "E",
            "S",
            "W"
          ]
        },
        "height_cm": {
          "type": "number"
        },
        "fov_deg": {
          "type": "number"
        }
      }
    },
    "composition": {
      "type": "object",
      "required": [
        "must_show_walls",
        "should_show_walls",
        "must_hide_walls",
        "foreground_edges"
      ],
      "properties": {
        "must_show_walls": {
          "type": "array",
          "items": {
            "type": "string",
            "enum": [
              "N",
              "E",
              "S",
              "W"
            ]
          }
        },
        "should_show_walls": {
          "type": "array",
          "items": {
            "type": "string",
            "enum": [
              "N",
              "E",
              "S",
              "W"
            ]
          }
        },
        "must_hide_walls": {
          "type": "array",
          "items": {
            "type": "string",
            "enum": [
              "N",
              "E",
              "S",
              "W"
            ]
          }
        },
        "foreground_edges": {
          "type": "array",
          "items": {
            "type": "string"
          }
        }
      }
    },
    "anchors_expected": {
      "type": "array",
      "items": {
        "type": "object",
        "properties": {
          "id": {
            "type": "string"
          },
          "type": {
            "type": "string"
          },
          "wall": {
            "type": "string",
            "enum": [
              "N",
              "E",
              "S",
              "W"
            ]
          },
          "region": {
            "type": "string",
            "enum": [
              "left_third",
              "center",
              "right_third"
            ]
          }
        }
      }
    },
    "characters": {
      "type": "array",
      "items": {
        "type": "object",
        "properties": {
          "id": {
            "type": "string"
          },
          "pose": {
            "type": "string"
          },
          "position_2d": {
            "type": "string"
          },
          "facing": {
            "type": "string",
            "enum": [
              "N",
              "E",
              "S",
              "W"
            ]
          },
          "scale_mode": {
            "type": "string"
          },
          "variants": {
            "type": "object"
          },
          "required_props": {
            "type": "array",
            "items": {
              "type": "string"
            }
          },
          "in_frame": {
            "type": "boolean"
          }
        }
      }
    },
    "fx": {
      "type": "array",
      "items": {
        "type": "object",
        "properties": {
          "type": {
            "type": "string"
          },
          "text": {
            "type": "string"
          },
          "position": {
            "type": "string"
          }
        }
      }
    },
    "tolerances": {
      "type": "object",
      "required": [
        "wall_miss_px",
        "anchor_region_slop"
      ],
      "properties": {
        "wall_miss_px": {
          "type": "number"
        },
        "anchor_region_slop": {
          "type": "number"
        }
      }
    },
    "render_controls": {
      "type": "object",
      "required": [
        "bw_only",
        "allow_characters",
        "single_panel_mode"
      ],
      "properties": {
        "bw_only": {
          "type": "boolean"
        },
        "allow_characters": {
          "type": "boolean"
        },
        "single_panel_mode": {
          "type": "boolean"
        }
      }
    }
  }
}