{
  "ts": "2025-09-17T03:16:47.719429Z",
  "renders": [
    {
      "panel": "p12_p1",
      "file": "/mnt/data/super_bundle_repo_ready/storyboards/issue01/p12_p1/p12_p1_render_bw.png",
      "prompt_hash": "54fdc5093c16",
      "bw_only": true,
      "allow_characters": true,
      "single_panel_mode": true,
      "anchors": [
        "door",
        "characterkit"
      ]
    },
    {
      "panel": "p12_p2",
      "file": "/mnt/data/super_bundle_repo_ready/storyboards/issue01/p12_p2/p12_p2_render_bw.png",
      "prompt_hash": "bbadea61d937",
      "bw_only": true,
      "allow_characters": false,
      "single_panel_mode": true,
      "anchors": [
        "window",
        "bed"
      ]
    }
  ]
}