{
  "issue": 1,
  "version": "v20250916",
  "title": "Beyond Logic \u2014 Issue #1",
  "pages": [
    {
      "page": 1,
      "summary": "Page 1 summary",
      "panels": []
    },
    {
      "page": 2,
      "summary": "Page 2 summary",
      "panels": []
    },
    {
      "page": 3,
      "summary": "Page 3 summary",
      "panels": []
    },
    {
      "page": 4,
      "summary": "Page 4 summary",
      "panels": []
    },
    {
      "page": 5,
      "summary": "Page 5 summary",
      "panels": []
    },
    {
      "page": 6,
      "summary": "Page 6 summary",
      "panels": []
    },
    {
      "page": 7,
      "summary": "Page 7 summary",
      "panels": []
    },
    {
      "page": 8,
      "summary": "Page 8 summary",
      "panels": []
    },
    {
      "page": 9,
      "summary": "Page 9 summary",
      "panels": []
    },
    {
      "page": 10,
      "summary": "Page 10 summary",
      "panels": []
    },
    {
      "page": 11,
      "summary": "Page 11 summary",
      "panels": []
    },
    {
      "page": 12,
      "summary": "Page 12 summary",
      "panels": []
    },
    {
      "page": 13,
      "summary": "Page 13 summary",
      "panels": []
    },
    {
      "page": 14,
      "summary": "Page 14 summary",
      "panels": []
    },
    {
      "page": 15,
      "summary": "Page 15 summary",
      "panels": []
    },
    {
      "page": 16,
      "summary": "Page 16 summary",
      "panels": []
    },
    {
      "page": 17,
      "summary": "Page 17 summary",
      "panels": []
    },
    {
      "page": 18,
      "summary": "Page 18 summary",
      "panels": []
    },
    {
      "page": 19,
      "summary": "Page 19 summary",
      "panels": []
    },
    {
      "page": 20,
      "summary": "Page 20 summary",
      "panels": []
    },
    {
      "page": 21,
      "summary": "Page 21 summary",
      "panels": []
    },
    {
      "page": 22,
      "summary": "Page 22 summary",
      "panels": []
    },
    {
      "page": 23,
      "summary": "Page 23 summary",
      "panels": []
    },
    {
      "page": 24,
      "summary": "Page 24 summary",
      "panels": []
    }
  ]
}