{
  "env_id": "env_garage",
  "version": "v20250916",
  "anchors": [
    {
      "id": "garage_door_S1",
      "type": "garage_door",
      "wall": "S",
      "region": "center",
      "geometry": "rollup",
      "width": "double"
    },
    {
      "id": "door_WN_living",
      "type": "door",
      "wall": "W",
      "region": "north",
      "geometry": "single_panel",
      "interaction": "entry",
      "association": "env_living_room"
    },
    {
      "id": "door_N_josh",
      "type": "door",
      "wall": "N",
      "region": "center",
      "geometry": "single_panel",
      "interaction": "entry",
      "optional": true
    },
    {
      "id": "rack_E1",
      "type": "rack",
      "wall": "E",
      "region": "center"
    },
    {
      "id": "plates_E1",
      "type": "plates",
      "wall": "E",
      "region": "right",
      "association": "rack_E1"
    },
    {
      "id": "pullup_W1",
      "type": "pullup_bar",
      "wall": "W",
      "region": "center"
    },
    {
      "id": "bike_C1",
      "type": "air_bike",
      "wall": "C",
      "region": "center_left"
    },
    {
      "id": "row_C2",
      "type": "rower",
      "wall": "C",
      "region": "center_right"
    },
    {
      "id": "box_S1",
      "type": "plyo_box",
      "wall": "S",
      "region": "right"
    },
    {
      "id": "kb_W1",
      "type": "kettlebells",
      "wall": "W",
      "region": "south"
    },
    {
      "id": "bench_E2",
      "type": "workbench",
      "wall": "E",
      "region": "left",
      "optional": true
    },
    {
      "id": "shelves_W2",
      "type": "shelves",
      "wall": "W",
      "region": "south",
      "optional": true
    },
    {
      "id": "car_bay_C1",
      "type": "car_bay",
      "wall": "C",
      "region": "center",
      "size": "single"
    }
  ],
  "rules": {
    "must_have": [
      "garage_door_S1",
      "door_WN_living",
      "rack_E1",
      "pullup_W1",
      "bike_C1",
      "car_bay_C1"
    ],
    "associations": {
      "plates_E1": {
        "must_be_near": "rack_E1"
      }
    }
  }
}