{
  "env_id": "env_kitchen",
  "version": "v20250916",
  "anchors": [
    {
      "id": "arch_W_dining",
      "type": "archway",
      "wall": "W",
      "region": "center",
      "geometry": "open",
      "width": "wide"
    },
    {
      "id": "island_C1",
      "type": "island",
      "wall": "C",
      "region": "center",
      "orientation": "horizontal",
      "features": [
        "sink"
      ],
      "facing": "W"
    },
    {
      "id": "counter_N1",
      "type": "counter",
      "wall": "N",
      "region": "center_horizontal",
      "length": "full_run"
    },
    {
      "id": "stove_N1",
      "type": "stove",
      "wall": "N",
      "region": "center"
    },
    {
      "id": "microwave_N1",
      "type": "microwave",
      "wall": "N",
      "region": "above_stove",
      "association": "stove_N1"
    },
    {
      "id": "counter_E1",
      "type": "counter",
      "wall": "E",
      "region": "center_horizontal",
      "length": "full_run"
    },
    {
      "id": "fridge_E1",
      "type": "fridge",
      "wall": "E",
      "region": "right",
      "style": "double_door"
    },
    {
      "id": "counter_S1",
      "type": "counter",
      "wall": "S",
      "region": "center_horizontal",
      "length": "full_run"
    }
  ],
  "rules": {
    "must_have": [
      "arch_W_dining",
      "island_C1",
      "counter_N1",
      "stove_N1",
      "microwave_N1",
      "counter_E1",
      "fridge_E1",
      "counter_S1"
    ],
    "associations": {
      "microwave_N1": {
        "must_be_above": "stove_N1"
      },
      "island_C1": {
        "must_include": [
          "sink"
        ],
        "orientation": "horizontal",
        "facing": "W"
      }
    }
  }
}