{
  "env_id": "env_extra_bedroom",
  "version": "v20250916",
  "anchors": [
    {
      "id": "bed_W1",
      "type": "bed",
      "wall": "W",
      "region": "center_horizontal",
      "orientation": "horizontal",
      "headboard_wall": "N"
    },
    {
      "id": "desk_E1",
      "type": "desk",
      "wall": "E",
      "region": "center"
    },
    {
      "id": "door_E_hallway",
      "type": "door",
      "wall": "E",
      "region": "center",
      "geometry": "single_panel",
      "interaction": "entry"
    }
  ],
  "rules": {
    "must_have": [
      "bed_W1",
      "door_E_hallway"
    ]
  }
}