{
  "env_id": "env_hallway",
  "version": "v20250916",
  "anchors": [
    {
      "id": "door_W_collin",
      "type": "door",
      "wall": "W",
      "region": "north",
      "geometry": "single_panel",
      "interaction": "entry"
    },
    {
      "id": "door_W_bath",
      "type": "door",
      "wall": "W",
      "region": "upper_mid",
      "geometry": "single_panel",
      "interaction": "entry"
    },
    {
      "id": "door_W_everett",
      "type": "door",
      "wall": "W",
      "region": "lower_mid",
      "geometry": "single_panel",
      "interaction": "entry"
    },
    {
      "id": "door_W_extra",
      "type": "door",
      "wall": "W",
      "region": "south",
      "geometry": "single_panel",
      "interaction": "entry"
    },
    {
      "id": "open_E_dining",
      "type": "opening",
      "wall": "E",
      "region": "north",
      "geometry": "open"
    },
    {
      "id": "open_E_living",
      "type": "opening",
      "wall": "E",
      "region": "south",
      "geometry": "open"
    },
    {
      "id": "window_N_hall",
      "type": "window",
      "wall": "N",
      "region": "center"
    },
    {
      "id": "window_S_hall",
      "type": "window",
      "wall": "S",
      "region": "center"
    }
  ],
  "rules": {
    "must_have": [
      "door_W_collin",
      "door_W_bath",
      "door_W_everett",
      "door_W_extra",
      "open_E_dining",
      "open_E_living",
      "window_N_hall",
      "window_S_hall"
    ],
    "constraints": {
      "no_doors_on_east_wall": true,
      "west_doors_order": [
        "door_W_collin",
        "door_W_bath",
        "door_W_everett",
        "door_W_extra"
      ]
    }
  }
}