{
  "env_id": "env_living_room",
  "version": "v20250916",
  "anchors": [
    {
      "id": "couch_C1",
      "type": "couch",
      "wall": "C",
      "region": "center",
      "orientation": "horizontal",
      "facing": "W"
    },
    {
      "id": "tv_W1",
      "type": "tv",
      "wall": "W",
      "region": "center_left"
    },
    {
      "id": "door_S_porch",
      "type": "door",
      "wall": "S",
      "region": "center",
      "geometry": "single_panel",
      "interaction": "entry",
      "feature": "glass_inset"
    },
    {
      "id": "arch_N_dining",
      "type": "archway",
      "wall": "N",
      "region": "center",
      "geometry": "open"
    },
    {
      "id": "door_W_hallway",
      "type": "door",
      "wall": "W",
      "region": "right",
      "geometry": "single_panel",
      "interaction": "entry"
    }
  ],
  "rules": {
    "must_have": [
      "couch_C1",
      "tv_W1",
      "door_S_porch",
      "arch_N_dining",
      "door_W_hallway"
    ],
    "must_have_features": {
      "door_S_porch": [
        "glass_inset"
      ]
    },
    "orientation": {
      "couch_C1": {
        "facing": "W"
      }
    }
  }
}