{
  "env_id": "env_bathroom",
  "version": "v20250916",
  "anchors": [
    {
      "id": "sink_W1",
      "type": "sink",
      "wall": "W",
      "region": "left"
    },
    {
      "id": "toilet_W1",
      "type": "toilet",
      "wall": "W",
      "region": "center"
    },
    {
      "id": "tub_W1",
      "type": "tub",
      "wall": "W",
      "region": "right"
    },
    {
      "id": "door_E_hallway",
      "type": "door",
      "wall": "E",
      "region": "center",
      "geometry": "single_panel",
      "interaction": "entry"
    }
  ],
  "rules": {
    "must_have": [
      "sink_W1",
      "toilet_W1",
      "tub_W1",
      "door_E_hallway"
    ]
  }
}