{
  "env_id": "env_dining",
  "version": "v20250916",
  "anchors": [
    {
      "id": "arch_S_living",
      "type": "archway",
      "wall": "S",
      "region": "center",
      "geometry": "open"
    },
    {
      "id": "arch_E_kitchen",
      "type": "archway",
      "wall": "E",
      "region": "center",
      "geometry": "open",
      "width": "wide"
    },
    {
      "id": "window_N_left",
      "type": "window",
      "wall": "N",
      "region": "left"
    },
    {
      "id": "window_N_right",
      "type": "window",
      "wall": "N",
      "region": "right"
    },
    {
      "id": "buffet_N1",
      "type": "buffet",
      "wall": "N",
      "region": "center_horizontal",
      "association": [
        "window_N_left",
        "window_N_right"
      ]
    },
    {
      "id": "table_C1",
      "type": "table",
      "wall": "C",
      "region": "center",
      "shape": "rectangular",
      "size": "6_seater"
    },
    {
      "id": "chairs_C1",
      "type": "chairs",
      "wall": "C",
      "region": "around_table",
      "count": 6
    }
  ],
  "rules": {
    "must_have": [
      "arch_S_living",
      "arch_E_kitchen",
      "window_N_left",
      "window_N_right",
      "buffet_N1",
      "table_C1",
      "chairs_C1"
    ],
    "associations": {
      "buffet_N1": {
        "must_be_under": [
          "window_N_left",
          "window_N_right"
        ]
      }
    }
  }
}